urlname,parentname,base,result,warningstring,infostring,valid,url,line,column,name,dltime,size,checktime,cached,level,modified
fiftyone_concepts/dataset_creation/datasets.html#cocodetectiondataset-import,http://127.0.0.1:8000/release-notes/,,404 Not Found,,,False,http://127.0.0.1:8000/release-notes/fiftyone_concepts/dataset_creation/datasets.html#cocodetectiondataset-import,5436,4,COCO format,-1,41344,21.4798805713654,0,2,
fiftyone_concepts/export_datasets.html#cocodetectiondataset-export,http://127.0.0.1:8000/release-notes/,,404 Not Found,,,False,http://127.0.0.1:8000/release-notes/fiftyone_concepts/export_datasets.html#cocodetectiondataset-export,6555,1,COCO format,-1,41344,21.1846082210541,0,2,
fiftyone_concepts/using_views.html#view-groups,http://127.0.0.1:8000/release-notes/,,404 Not Found,,,False,http://127.0.0.1:8000/release-notes/fiftyone_concepts/using_views.html#view-groups,7855,31,dynamic grouped views,-1,41344,20.8988044261932,0,2,
fiftyone_concepts/evaluation.html#evaluating-detections,http://127.0.0.1:8000/release-notes/,,404 Not Found,,,False,http://127.0.0.1:8000/release-notes/fiftyone_concepts/evaluation.html#evaluating-detections,7870,22,evaluating keypoints,-1,41344,20.7951760292053,0,2,
cli/index.html#cli-fiftyone-operators,http://127.0.0.1:8000/release-notes/,,404 Not Found,,,False,http://127.0.0.1:8000/release-notes/cli/index.html#cli-fiftyone-operators,7920,1,operators,-1,41344,21.0092945098877,0,2,
models/model_zoo/index.html#model-zoo,http://127.0.0.1:8000/release-notes/,,404 Not Found,,,False,http://127.0.0.1:8000/release-notes/models/model_zoo/index.html#model-zoo,8439,1,Model Zoo,-1,41344,21.004499912262,0,2,
plugins/index.html#fiftyone-plugins,http://127.0.0.1:8000/release-notes/,,404 Not Found,,,False,http://127.0.0.1:8000/release-notes/plugins/index.html#fiftyone-plugins,8811,19,plugin documentation,-1,41344,21.1334285736084,0,2,
fiftyone_concepts/config.html#configuring-fiftyone,http://127.0.0.1:8000/release-notes/,,404 Not Found,,,False,http://127.0.0.1:8000/release-notes/fiftyone_concepts/config.html#configuring-fiftyone,9179,1,package-wide logging level,-1,41344,21.1705884933472,0,2,
integrations/labelstudio.html#label-studio-integration,http://127.0.0.1:8000/release-notes/,,404 Not Found,,,False,http://127.0.0.1:8000/release-notes/integrations/labelstudio.html#label-studio-integration,9259,16,Label Studio integration!,-1,41344,21.143223285675,0,2,
fiftyone_concepts/using_datasets.html#keypoints,http://127.0.0.1:8000/release-notes/,,404 Not Found,,,False,http://127.0.0.1:8000/release-notes/fiftyone_concepts/using_datasets.html#keypoints,9609,154,this section,-1,41344,21.3939108848572,0,2,
environments/index.md#remote-notebooks,http://127.0.0.1:8000/release-notes/,,404 Not Found,,,False,http://127.0.0.1:8000/release-notes/environments/index.md#remote-notebooks,10795,1,remote Jupyter notebooks,-1,41344,21.7445468902588,0,2,
# Stopped checking at 2025-02-01 22:01:52-007 (0.00 seconds),,,,,,,,,,,,,,,,
